Sector,Financial Year,FDI Value
METALLURGICAL INDUSTRIES,2000-01,22.69
METALLURGICAL INDUSTRIES,2001-02,14.14
METALLURGICAL INDUSTRIES,2002-03,36.61
METALLURGICAL INDUSTRIES,2003-04,8.11
METALLURGICAL INDUSTRIES,2004-05,200.38
METALLURGICAL INDUSTRIES,2005-06,149.13
METALLURGICAL INDUSTRIES,2006-07,169.94
METALLURGICAL INDUSTRIES,2007-08,1175.75
METALLURGICAL INDUSTRIES,2008-09,959.94
METALLURGICAL INDUSTRIES,2009-10,419.88
METALLURGICAL INDUSTRIES,2010-11,1098.14
METALLURGICAL INDUSTRIES,2011-12,1786.14
METALLURGICAL INDUSTRIES,2012-13,1466.23
METALLURGICAL INDUSTRIES,2013-14,567.63
METALLURGICAL INDUSTRIES,2014-15,359.34
METALLURGICAL INDUSTRIES,2015-16,456.31
METALLURGICAL INDUSTRIES,2016-17,1440.18
MINING,2000-01,1.32
MINING,2001-02,6.52
MINING,2002-03,10.06
MINING,2003-04,23.48
MINING,2004-05,9.92
MINING,2005-06,7.4
MINING,2006-07,6.62
MINING,2007-08,444.36
MINING,2008-09,34.16
MINING,2009-10,174.4
MINING,2010-11,79.51
MINING,2011-12,142.65
MINING,2012-13,57.89
MINING,2013-14,12.73
MINING,2014-15,684.39
MINING,2015-16,520.67
MINING,2016-17,55.75
POWER,2000-01,89.42
POWER,2001-02,757.44
POWER,2002-03,59.11
POWER,2003-04,27.09
POWER,2004-05,43.37
POWER,2005-06,72.69
POWER,2006-07,157.15
POWER,2007-08,988.68
POWER,2008-09,907.66
POWER,2009-10,1271.79
POWER,2010-11,1271.77
POWER,2011-12,1652.38
POWER,2012-13,535.68
POWER,2013-14,1066.08
POWER,2014-15,707.04
POWER,2015-16,868.8
POWER,2016-17,1112.98
NON-CONVENTIONAL ENERGY,2000-01,0
NON-CONVENTIONAL ENERGY,2001-02,0
NON-CONVENTIONAL ENERGY,2002-03,1.7
NON-CONVENTIONAL ENERGY,2003-04,4.14
NON-CONVENTIONAL ENERGY,2004-05,1.27
NON-CONVENTIONAL ENERGY,2005-06,1.35
NON-CONVENTIONAL ENERGY,2006-07,2.44
NON-CONVENTIONAL ENERGY,2007-08,58.82
NON-CONVENTIONAL ENERGY,2008-09,125.88
NON-CONVENTIONAL ENERGY,2009-10,622.52
NON-CONVENTIONAL ENERGY,2010-11,214.4
NON-CONVENTIONAL ENERGY,2011-12,452.17
NON-CONVENTIONAL ENERGY,2012-13,1106.52
NON-CONVENTIONAL ENERGY,2013-14,414.25
NON-CONVENTIONAL ENERGY,2014-15,615.95
NON-CONVENTIONAL ENERGY,2015-16,776.51
NON-CONVENTIONAL ENERGY,2016-17,783.57
COAL PRODUCTION,2000-01,0
COAL PRODUCTION,2001-02,0
COAL PRODUCTION,2002-03,0
COAL PRODUCTION,2003-04,0.04
COAL PRODUCTION,2004-05,0
COAL PRODUCTION,2005-06,9.14
COAL PRODUCTION,2006-07,1.3
COAL PRODUCTION,2007-08,14.08
COAL PRODUCTION,2008-09,0.22
COAL PRODUCTION,2009-10,0
COAL PRODUCTION,2010-11,0
COAL PRODUCTION,2011-12,0
COAL PRODUCTION,2012-13,0
COAL PRODUCTION,2013-14,2.96
COAL PRODUCTION,2014-15,0
COAL PRODUCTION,2015-16,0
COAL PRODUCTION,2016-17,0
PETROLEUM & NATURAL GAS,2000-01,9.35
PETROLEUM & NATURAL GAS,2001-02,211.07
PETROLEUM & NATURAL GAS,2002-03,56.78
PETROLEUM & NATURAL GAS,2003-04,80.64
PETROLEUM & NATURAL GAS,2004-05,102.78
PETROLEUM & NATURAL GAS,2005-06,12.09
PETROLEUM & NATURAL GAS,2006-07,87.71
PETROLEUM & NATURAL GAS,2007-08,1405.04
PETROLEUM & NATURAL GAS,2008-09,349.29
PETROLEUM & NATURAL GAS,2009-10,265.53
PETROLEUM & NATURAL GAS,2010-11,556.43
PETROLEUM & NATURAL GAS,2011-12,2029.98
PETROLEUM & NATURAL GAS,2012-13,214.8
PETROLEUM & NATURAL GAS,2013-14,112.23
PETROLEUM & NATURAL GAS,2014-15,1079.02
PETROLEUM & NATURAL GAS,2015-16,103.02
PETROLEUM & NATURAL GAS,2016-17,180.4
BOILERS AND STEAM GENERATING PLANTS,2000-01,0
BOILERS AND STEAM GENERATING PLANTS,2001-02,0
BOILERS AND STEAM GENERATING PLANTS,2002-03,0
BOILERS AND STEAM GENERATING PLANTS,2003-04,0.04
BOILERS AND STEAM GENERATING PLANTS,2004-05,0.54
BOILERS AND STEAM GENERATING PLANTS,2005-06,0
BOILERS AND STEAM GENERATING PLANTS,2006-07,3.31
BOILERS AND STEAM GENERATING PLANTS,2007-08,1.51
BOILERS AND STEAM GENERATING PLANTS,2008-09,0
BOILERS AND STEAM GENERATING PLANTS,2009-10,3.96
BOILERS AND STEAM GENERATING PLANTS,2010-11,0.63
BOILERS AND STEAM GENERATING PLANTS,2011-12,31.79
BOILERS AND STEAM GENERATING PLANTS,2012-13,20.05
BOILERS AND STEAM GENERATING PLANTS,2013-14,0.17
BOILERS AND STEAM GENERATING PLANTS,2014-15,1.33
BOILERS AND STEAM GENERATING PLANTS,2015-16,77.91
BOILERS AND STEAM GENERATING PLANTS,2016-17,53.91
PRIME MOVER,2000-01,0
PRIME MOVER,2001-02,0
PRIME MOVER,2002-03,0
PRIME MOVER,2003-04,0
PRIME MOVER,2004-05,2.66
PRIME MOVER,2005-06,0.74
PRIME MOVER,2006-07,25.57
PRIME MOVER,2007-08,40.53
PRIME MOVER,2008-09,74.88
PRIME MOVER,2009-10,39.5
PRIME MOVER,2010-11,166.44
PRIME MOVER,2011-12,313.75
PRIME MOVER,2012-13,184.6
PRIME MOVER,2013-14,212.78
PRIME MOVER,2014-15,230.7
PRIME MOVER,2015-16,159.13
PRIME MOVER,2016-17,286.88
ELECTRICAL EQUIPMENTS,2000-01,79.76
ELECTRICAL EQUIPMENTS,2001-02,65.76
ELECTRICAL EQUIPMENTS,2002-03,34.71
ELECTRICAL EQUIPMENTS,2003-04,73.2
ELECTRICAL EQUIPMENTS,2004-05,97.4
ELECTRICAL EQUIPMENTS,2005-06,39.5
ELECTRICAL EQUIPMENTS,2006-07,76.85
ELECTRICAL EQUIPMENTS,2007-08,653.74
ELECTRICAL EQUIPMENTS,2008-09,417.35
ELECTRICAL EQUIPMENTS,2009-10,728.27
ELECTRICAL EQUIPMENTS,2010-11,153.9
ELECTRICAL EQUIPMENTS,2011-12,566.39
ELECTRICAL EQUIPMENTS,2012-13,195.87
ELECTRICAL EQUIPMENTS,2013-14,134.31
ELECTRICAL EQUIPMENTS,2014-15,574.83
ELECTRICAL EQUIPMENTS,2015-16,444.88
ELECTRICAL EQUIPMENTS,2016-17,2230.69
COMPUTER SOFTWARE & HARDWARE,2000-01,228.39
COMPUTER SOFTWARE & HARDWARE,2001-02,419.39
COMPUTER SOFTWARE & HARDWARE,2002-03,314.24
COMPUTER SOFTWARE & HARDWARE,2003-04,368.32
COMPUTER SOFTWARE & HARDWARE,2004-05,527.9
COMPUTER SOFTWARE & HARDWARE,2005-06,1359.97
COMPUTER SOFTWARE & HARDWARE,2006-07,2613.33
COMPUTER SOFTWARE & HARDWARE,2007-08,1382.25
COMPUTER SOFTWARE & HARDWARE,2008-09,1543.34
COMPUTER SOFTWARE & HARDWARE,2009-10,871.86
COMPUTER SOFTWARE & HARDWARE,2010-11,779.81
COMPUTER SOFTWARE & HARDWARE,2011-12,796.35
COMPUTER SOFTWARE & HARDWARE,2012-13,485.96
COMPUTER SOFTWARE & HARDWARE,2013-14,1126.27
COMPUTER SOFTWARE & HARDWARE,2014-15,2296.04
COMPUTER SOFTWARE & HARDWARE,2015-16,5904.36
COMPUTER SOFTWARE & HARDWARE,2016-17,3651.71
ELECTRONICS,2000-01,8.34
ELECTRONICS,2001-02,12.47
ELECTRONICS,2002-03,295.88
ELECTRONICS,2003-04,82.31
ELECTRONICS,2004-05,88.1
ELECTRONICS,2005-06,40.91
ELECTRONICS,2006-07,42.14
ELECTRONICS,2007-08,136.03
ELECTRONICS,2008-09,147.51
ELECTRONICS,2009-10,52.14
ELECTRONICS,2010-11,59.72
ELECTRONICS,2011-12,194.41
ELECTRONICS,2012-13,38.24
ELECTRONICS,2013-14,132.58
ELECTRONICS,2014-15,96.84
ELECTRONICS,2015-16,208.39
ELECTRONICS,2016-17,83.97
TELECOMMUNICATIONS,2000-01,177.69
TELECOMMUNICATIONS,2001-02,873.23
TELECOMMUNICATIONS,2002-03,191.6
TELECOMMUNICATIONS,2003-04,86.49
TELECOMMUNICATIONS,2004-05,118.33
TELECOMMUNICATIONS,2005-06,617.98
TELECOMMUNICATIONS,2006-07,476.51
TELECOMMUNICATIONS,2007-08,1260.7
TELECOMMUNICATIONS,2008-09,2548.63
TELECOMMUNICATIONS,2009-10,2539.26
TELECOMMUNICATIONS,2010-11,1664.5
TELECOMMUNICATIONS,2011-12,1997.24
TELECOMMUNICATIONS,2012-13,303.87
TELECOMMUNICATIONS,2013-14,1306.95
TELECOMMUNICATIONS,2014-15,2894.94
TELECOMMUNICATIONS,2015-16,1324.4
TELECOMMUNICATIONS,2016-17,5563.69
INFORMATION & BROADCASTING,2000-01,81.5
INFORMATION & BROADCASTING,2001-02,4.54
INFORMATION & BROADCASTING,2002-03,36.5
INFORMATION & BROADCASTING,2003-04,13.72
INFORMATION & BROADCASTING,2004-05,9.85
INFORMATION & BROADCASTING,2005-06,55.93
INFORMATION & BROADCASTING,2006-07,75.7
INFORMATION & BROADCASTING,2007-08,288.49
INFORMATION & BROADCASTING,2008-09,735.04
INFORMATION & BROADCASTING,2009-10,490.83
INFORMATION & BROADCASTING,2010-11,412.11
INFORMATION & BROADCASTING,2011-12,675.96
INFORMATION & BROADCASTING,2012-13,404.04
INFORMATION & BROADCASTING,2013-14,428.52
INFORMATION & BROADCASTING,2014-15,254.96
INFORMATION & BROADCASTING,2015-16,1009.34
INFORMATION & BROADCASTING,2016-17,1516.68
AUTOMOBILE INDUSTRY,2000-01,195.33
AUTOMOBILE INDUSTRY,2001-02,235.76
AUTOMOBILE INDUSTRY,2002-03,419.96
AUTOMOBILE INDUSTRY,2003-04,119.09
AUTOMOBILE INDUSTRY,2004-05,121.97
AUTOMOBILE INDUSTRY,2005-06,139.93
AUTOMOBILE INDUSTRY,2006-07,260.72
AUTOMOBILE INDUSTRY,2007-08,656.1
AUTOMOBILE INDUSTRY,2008-09,1150.03
AUTOMOBILE INDUSTRY,2009-10,1236.29
AUTOMOBILE INDUSTRY,2010-11,1299.41
AUTOMOBILE INDUSTRY,2011-12,922.99
AUTOMOBILE INDUSTRY,2012-13,1537.28
AUTOMOBILE INDUSTRY,2013-14,1517.28
AUTOMOBILE INDUSTRY,2014-15,2725.64
AUTOMOBILE INDUSTRY,2015-16,2526.82
AUTOMOBILE INDUSTRY,2016-17,1609.32
AIR TRANSPORT,2000-01,0
AIR TRANSPORT,2001-02,0
AIR TRANSPORT,2002-03,3.8
AIR TRANSPORT,2003-04,0.94
AIR TRANSPORT,2004-05,4.11
AIR TRANSPORT,2005-06,10.27
AIR TRANSPORT,2006-07,62.29
AIR TRANSPORT,2007-08,99.08
AIR TRANSPORT,2008-09,61.37
AIR TRANSPORT,2009-10,23.71
AIR TRANSPORT,2010-11,136.6
AIR TRANSPORT,2011-12,31.22
AIR TRANSPORT,2012-13,15.89
AIR TRANSPORT,2013-14,45.95
AIR TRANSPORT,2014-15,74.56
AIR TRANSPORT,2015-16,361.25
AIR TRANSPORT,2016-17,83.4
SEA TRANSPORT,2000-01,2.41
SEA TRANSPORT,2001-02,19.81
SEA TRANSPORT,2002-03,29.32
SEA TRANSPORT,2003-04,21.95
SEA TRANSPORT,2004-05,36.95
SEA TRANSPORT,2005-06,53.63
SEA TRANSPORT,2006-07,72.52
SEA TRANSPORT,2007-08,128.36
SEA TRANSPORT,2008-09,50.21
SEA TRANSPORT,2009-10,284.85
SEA TRANSPORT,2010-11,300.51
SEA TRANSPORT,2011-12,129.36
SEA TRANSPORT,2012-13,64.62
SEA TRANSPORT,2013-14,20.49
SEA TRANSPORT,2014-15,333.22
SEA TRANSPORT,2015-16,429.3
SEA TRANSPORT,2016-17,735.06
PORTS,2000-01,0
PORTS,2001-02,15.48
PORTS,2002-03,2.03
PORTS,2003-04,116.36
PORTS,2004-05,13.04
PORTS,2005-06,0.5
PORTS,2006-07,0
PORTS,2007-08,918.18
PORTS,2008-09,493.15
PORTS,2009-10,65.41
PORTS,2010-11,10.92
PORTS,2011-12,0
PORTS,2012-13,0
PORTS,2013-14,0.31
PORTS,2014-15,1.9
PORTS,2015-16,0
PORTS,2016-17,0
RAILWAY RELATED COMPONENTS,2000-01,0
RAILWAY RELATED COMPONENTS,2001-02,0
RAILWAY RELATED COMPONENTS,2002-03,0.56
RAILWAY RELATED COMPONENTS,2003-04,2.95
RAILWAY RELATED COMPONENTS,2004-05,10.75
RAILWAY RELATED COMPONENTS,2005-06,22.62
RAILWAY RELATED COMPONENTS,2006-07,25.82
RAILWAY RELATED COMPONENTS,2007-08,12.41
RAILWAY RELATED COMPONENTS,2008-09,18.01
RAILWAY RELATED COMPONENTS,2009-10,34.43
RAILWAY RELATED COMPONENTS,2010-11,70.66
RAILWAY RELATED COMPONENTS,2011-12,42.27
RAILWAY RELATED COMPONENTS,2012-13,29.85
RAILWAY RELATED COMPONENTS,2013-14,236.93
RAILWAY RELATED COMPONENTS,2014-15,129.73
RAILWAY RELATED COMPONENTS,2015-16,73.99
RAILWAY RELATED COMPONENTS,2016-17,87.57
INDUSTRIAL MACHINERY,2000-01,5.48
INDUSTRIAL MACHINERY,2001-02,32.04
INDUSTRIAL MACHINERY,2002-03,19.4
INDUSTRIAL MACHINERY,2003-04,3.18
INDUSTRIAL MACHINERY,2004-05,8.89
INDUSTRIAL MACHINERY,2005-06,42.8
INDUSTRIAL MACHINERY,2006-07,25.96
INDUSTRIAL MACHINERY,2007-08,119.57
INDUSTRIAL MACHINERY,2008-09,110.54
INDUSTRIAL MACHINERY,2009-10,341.88
INDUSTRIAL MACHINERY,2010-11,467.92
INDUSTRIAL MACHINERY,2011-12,620.66
INDUSTRIAL MACHINERY,2012-13,503.83
INDUSTRIAL MACHINERY,2013-14,477.38
INDUSTRIAL MACHINERY,2014-15,716.79
INDUSTRIAL MACHINERY,2015-16,568.26
INDUSTRIAL MACHINERY,2016-17,329.3
MACHINE TOOLS,2000-01,1.42
MACHINE TOOLS,2001-02,4.31
MACHINE TOOLS,2002-03,14.17
MACHINE TOOLS,2003-04,54.51
MACHINE TOOLS,2004-05,11.04
MACHINE TOOLS,2005-06,23
MACHINE TOOLS,2006-07,37.28
MACHINE TOOLS,2007-08,56.87
MACHINE TOOLS,2008-09,45.66
MACHINE TOOLS,2009-10,133.83
MACHINE TOOLS,2010-11,11.63
MACHINE TOOLS,2011-12,127.87
MACHINE TOOLS,2012-13,101.39
MACHINE TOOLS,2013-14,64.52
MACHINE TOOLS,2014-15,24.06
MACHINE TOOLS,2015-16,126.38
MACHINE TOOLS,2016-17,23.89
AGRICULTURAL MACHINERY,2000-01,3.64
AGRICULTURAL MACHINERY,2001-02,1.04
AGRICULTURAL MACHINERY,2002-03,13.48
AGRICULTURAL MACHINERY,2003-04,47.54
AGRICULTURAL MACHINERY,2004-05,0
AGRICULTURAL MACHINERY,2005-06,92.71
AGRICULTURAL MACHINERY,2006-07,25.19
AGRICULTURAL MACHINERY,2007-08,6.72
AGRICULTURAL MACHINERY,2008-09,5.57
AGRICULTURAL MACHINERY,2009-10,1.88
AGRICULTURAL MACHINERY,2010-11,0.49
AGRICULTURAL MACHINERY,2011-12,2.77
AGRICULTURAL MACHINERY,2012-13,95.41
AGRICULTURAL MACHINERY,2013-14,48.78
AGRICULTURAL MACHINERY,2014-15,72.35
AGRICULTURAL MACHINERY,2015-16,16.44
AGRICULTURAL MACHINERY,2016-17,15.19
EARTH-MOVING MACHINERY,2000-01,0
EARTH-MOVING MACHINERY,2001-02,0.11
EARTH-MOVING MACHINERY,2002-03,13.77
EARTH-MOVING MACHINERY,2003-04,0.01
EARTH-MOVING MACHINERY,2004-05,0.1
EARTH-MOVING MACHINERY,2005-06,50.87
EARTH-MOVING MACHINERY,2006-07,0.99
EARTH-MOVING MACHINERY,2007-08,67.94
EARTH-MOVING MACHINERY,2008-09,2.27
EARTH-MOVING MACHINERY,2009-10,15.62
EARTH-MOVING MACHINERY,2010-11,1.77
EARTH-MOVING MACHINERY,2011-12,16.4
EARTH-MOVING MACHINERY,2012-13,5.1
EARTH-MOVING MACHINERY,2013-14,34.44
EARTH-MOVING MACHINERY,2014-15,30.11
EARTH-MOVING MACHINERY,2015-16,97.66
EARTH-MOVING MACHINERY,2016-17,52.23
MISCELLANEOUS MECHANICAL & ENGINEERING INDUSTRIES,2000-01,44.5
MISCELLANEOUS MECHANICAL & ENGINEERING INDUSTRIES,2001-02,61.4
MISCELLANEOUS MECHANICAL & ENGINEERING INDUSTRIES,2002-03,45.07
MISCELLANEOUS MECHANICAL & ENGINEERING INDUSTRIES,2003-04,22.73
MISCELLANEOUS MECHANICAL & ENGINEERING INDUSTRIES,2004-05,12.83
MISCELLANEOUS MECHANICAL & ENGINEERING INDUSTRIES,2005-06,51.22
MISCELLANEOUS MECHANICAL & ENGINEERING INDUSTRIES,2006-07,84.44
MISCELLANEOUS MECHANICAL & ENGINEERING INDUSTRIES,2007-08,211.15
MISCELLANEOUS MECHANICAL & ENGINEERING INDUSTRIES,2008-09,142.31
MISCELLANEOUS MECHANICAL & ENGINEERING INDUSTRIES,2009-10,149.59
MISCELLANEOUS MECHANICAL & ENGINEERING INDUSTRIES,2010-11,108.67
MISCELLANEOUS MECHANICAL & ENGINEERING INDUSTRIES,2011-12,1295.34
MISCELLANEOUS MECHANICAL & ENGINEERING INDUSTRIES,2012-13,89.45
MISCELLANEOUS MECHANICAL & ENGINEERING INDUSTRIES,2013-14,288.13
MISCELLANEOUS MECHANICAL & ENGINEERING INDUSTRIES,2014-15,186.69
MISCELLANEOUS MECHANICAL & ENGINEERING INDUSTRIES,2015-16,274.57
MISCELLANEOUS MECHANICAL & ENGINEERING INDUSTRIES,2016-17,245.24
"COMMERCIAL, OFFICE & HOUSEHOLD EQUIPMENTS",2000-01,12.2
"COMMERCIAL, OFFICE & HOUSEHOLD EQUIPMENTS",2001-02,4.87
"COMMERCIAL, OFFICE & HOUSEHOLD EQUIPMENTS",2002-03,2.33
"COMMERCIAL, OFFICE & HOUSEHOLD EQUIPMENTS",2003-04,10.41
"COMMERCIAL, OFFICE & HOUSEHOLD EQUIPMENTS",2004-05,14.13
"COMMERCIAL, OFFICE & HOUSEHOLD EQUIPMENTS",2005-06,25.54
"COMMERCIAL, OFFICE & HOUSEHOLD EQUIPMENTS",2006-07,5.42
"COMMERCIAL, OFFICE & HOUSEHOLD EQUIPMENTS",2007-08,9.83
"COMMERCIAL, OFFICE & HOUSEHOLD EQUIPMENTS",2008-09,12.63
"COMMERCIAL, OFFICE & HOUSEHOLD EQUIPMENTS",2009-10,78.98
"COMMERCIAL, OFFICE & HOUSEHOLD EQUIPMENTS",2010-11,25.12
"COMMERCIAL, OFFICE & HOUSEHOLD EQUIPMENTS",2011-12,29.04
"COMMERCIAL, OFFICE & HOUSEHOLD EQUIPMENTS",2012-13,24.33
"COMMERCIAL, OFFICE & HOUSEHOLD EQUIPMENTS",2013-14,21.13
"COMMERCIAL, OFFICE & HOUSEHOLD EQUIPMENTS",2014-15,33.39
"COMMERCIAL, OFFICE & HOUSEHOLD EQUIPMENTS",2015-16,36.68
"COMMERCIAL, OFFICE & HOUSEHOLD EQUIPMENTS",2016-17,7.44
MEDICAL AND SURGICAL APPLIANCES,2000-01,5.42
MEDICAL AND SURGICAL APPLIANCES,2001-02,42.35
MEDICAL AND SURGICAL APPLIANCES,2002-03,21.63
MEDICAL AND SURGICAL APPLIANCES,2003-04,1.97
MEDICAL AND SURGICAL APPLIANCES,2004-05,5.35
MEDICAL AND SURGICAL APPLIANCES,2005-06,1.52
MEDICAL AND SURGICAL APPLIANCES,2006-07,13.43
MEDICAL AND SURGICAL APPLIANCES,2007-08,13.17
MEDICAL AND SURGICAL APPLIANCES,2008-09,75.42
MEDICAL AND SURGICAL APPLIANCES,2009-10,167.35
MEDICAL AND SURGICAL APPLIANCES,2010-11,32.22
MEDICAL AND SURGICAL APPLIANCES,2011-12,141.61
MEDICAL AND SURGICAL APPLIANCES,2012-13,83.02
MEDICAL AND SURGICAL APPLIANCES,2013-14,173.48
MEDICAL AND SURGICAL APPLIANCES,2014-15,145.93
MEDICAL AND SURGICAL APPLIANCES,2015-16,173.26
MEDICAL AND SURGICAL APPLIANCES,2016-17,479.71
INDUSTRIAL INSTRUMENTS,2000-01,1.01
INDUSTRIAL INSTRUMENTS,2001-02,5.07
INDUSTRIAL INSTRUMENTS,2002-03,1.31
INDUSTRIAL INSTRUMENTS,2003-04,0.3
INDUSTRIAL INSTRUMENTS,2004-05,1.08
INDUSTRIAL INSTRUMENTS,2005-06,0.38
INDUSTRIAL INSTRUMENTS,2006-07,0
INDUSTRIAL INSTRUMENTS,2007-08,2.23
INDUSTRIAL INSTRUMENTS,2008-09,17.48
INDUSTRIAL INSTRUMENTS,2009-10,7.61
INDUSTRIAL INSTRUMENTS,2010-11,25.48
INDUSTRIAL INSTRUMENTS,2011-12,3.99
INDUSTRIAL INSTRUMENTS,2012-13,0.58
INDUSTRIAL INSTRUMENTS,2013-14,0.53
INDUSTRIAL INSTRUMENTS,2014-15,0.85
INDUSTRIAL INSTRUMENTS,2015-16,7.42
INDUSTRIAL INSTRUMENTS,2016-17,0.8
SCIENTIFIC INSTRUMENTS,2000-01,8.07
SCIENTIFIC INSTRUMENTS,2001-02,2.33
SCIENTIFIC INSTRUMENTS,2002-03,0.19
SCIENTIFIC INSTRUMENTS,2003-04,0.02
SCIENTIFIC INSTRUMENTS,2004-05,0.03
SCIENTIFIC INSTRUMENTS,2005-06,0.1
SCIENTIFIC INSTRUMENTS,2006-07,0.07
SCIENTIFIC INSTRUMENTS,2007-08,0
SCIENTIFIC INSTRUMENTS,2008-09,0.83
SCIENTIFIC INSTRUMENTS,2009-10,0
SCIENTIFIC INSTRUMENTS,2010-11,2.49
SCIENTIFIC INSTRUMENTS,2011-12,7.08
SCIENTIFIC INSTRUMENTS,2012-13,73.28
SCIENTIFIC INSTRUMENTS,2013-14,45.08
SCIENTIFIC INSTRUMENTS,2014-15,32.34
SCIENTIFIC INSTRUMENTS,2015-16,6.36
SCIENTIFIC INSTRUMENTS,2016-17,76.66
"MATHEMATICAL,SURVEYING AND DRAWING INSTRUMENTS",2000-01,0
"MATHEMATICAL,SURVEYING AND DRAWING INSTRUMENTS",2001-02,0
"MATHEMATICAL,SURVEYING AND DRAWING INSTRUMENTS",2002-03,0
"MATHEMATICAL,SURVEYING AND DRAWING INSTRUMENTS",2003-04,0
"MATHEMATICAL,SURVEYING AND DRAWING INSTRUMENTS",2004-05,0
"MATHEMATICAL,SURVEYING AND DRAWING INSTRUMENTS",2005-06,0
"MATHEMATICAL,SURVEYING AND DRAWING INSTRUMENTS",2006-07,0
"MATHEMATICAL,SURVEYING AND DRAWING INSTRUMENTS",2007-08,1.27
"MATHEMATICAL,SURVEYING AND DRAWING INSTRUMENTS",2008-09,0
"MATHEMATICAL,SURVEYING AND DRAWING INSTRUMENTS",2009-10,0
"MATHEMATICAL,SURVEYING AND DRAWING INSTRUMENTS",2010-11,0
"MATHEMATICAL,SURVEYING AND DRAWING INSTRUMENTS",2011-12,0
"MATHEMATICAL,SURVEYING AND DRAWING INSTRUMENTS",2012-13,6.71
"MATHEMATICAL,SURVEYING AND DRAWING INSTRUMENTS",2013-14,0
"MATHEMATICAL,SURVEYING AND DRAWING INSTRUMENTS",2014-15,0
"MATHEMATICAL,SURVEYING AND DRAWING INSTRUMENTS",2015-16,0
"MATHEMATICAL,SURVEYING AND DRAWING INSTRUMENTS",2016-17,0
FERTILIZERS,2000-01,0
FERTILIZERS,2001-02,0
FERTILIZERS,2002-03,16.38
FERTILIZERS,2003-04,21.58
FERTILIZERS,2004-05,13.46
FERTILIZERS,2005-06,4.24
FERTILIZERS,2006-07,5.01
FERTILIZERS,2007-08,1.95
FERTILIZERS,2008-09,133.75
FERTILIZERS,2009-10,8.2
FERTILIZERS,2010-11,18.18
FERTILIZERS,2011-12,32.6
FERTILIZERS,2012-13,42.55
FERTILIZERS,2013-14,20.65
FERTILIZERS,2014-15,225.32
FERTILIZERS,2015-16,20.93
FERTILIZERS,2016-17,0.89
CHEMICALS,2000-01,111.14
CHEMICALS,2001-02,87.23
CHEMICALS,2002-03,128.12
CHEMICALS,2003-04,20.24
CHEMICALS,2004-05,69.39
CHEMICALS,2005-06,387.72
CHEMICALS,2006-07,138.85
CHEMICALS,2007-08,233.7
CHEMICALS,2008-09,651.22
CHEMICALS,2009-10,365.94
CHEMICALS,2010-11,2354.4
CHEMICALS,2011-12,4040.71
CHEMICALS,2012-13,292.16
CHEMICALS,2013-14,786.76
CHEMICALS,2014-15,762.76
CHEMICALS,2015-16,1469.95
CHEMICALS,2016-17,1392.8
PHOTOGRAPHIC RAW FILM AND PAPER,2000-01,0
PHOTOGRAPHIC RAW FILM AND PAPER,2001-02,0
PHOTOGRAPHIC RAW FILM AND PAPER,2002-03,0.6
PHOTOGRAPHIC RAW FILM AND PAPER,2003-04,0.24
PHOTOGRAPHIC RAW FILM AND PAPER,2004-05,6.16
PHOTOGRAPHIC RAW FILM AND PAPER,2005-06,0
PHOTOGRAPHIC RAW FILM AND PAPER,2006-07,2.81
PHOTOGRAPHIC RAW FILM AND PAPER,2007-08,54.86
PHOTOGRAPHIC RAW FILM AND PAPER,2008-09,1.05
PHOTOGRAPHIC RAW FILM AND PAPER,2009-10,0
PHOTOGRAPHIC RAW FILM AND PAPER,2010-11,0.81
PHOTOGRAPHIC RAW FILM AND PAPER,2011-12,0
PHOTOGRAPHIC RAW FILM AND PAPER,2012-13,0
PHOTOGRAPHIC RAW FILM AND PAPER,2013-14,0
PHOTOGRAPHIC RAW FILM AND PAPER,2014-15,0.75
PHOTOGRAPHIC RAW FILM AND PAPER,2015-16,0
PHOTOGRAPHIC RAW FILM AND PAPER,2016-17,0
DYE-STUFFS,2000-01,1.05
DYE-STUFFS,2001-02,0.18
DYE-STUFFS,2002-03,0
DYE-STUFFS,2003-04,0.43
DYE-STUFFS,2004-05,1.18
DYE-STUFFS,2005-06,0
DYE-STUFFS,2006-07,0
DYE-STUFFS,2007-08,5.51
DYE-STUFFS,2008-09,1.17
DYE-STUFFS,2009-10,4.02
DYE-STUFFS,2010-11,5.37
DYE-STUFFS,2011-12,0.58
DYE-STUFFS,2012-13,0
DYE-STUFFS,2013-14,0
DYE-STUFFS,2014-15,54.89
DYE-STUFFS,2015-16,3.32
DYE-STUFFS,2016-17,10.7
DRUGS & PHARMACEUTICALS,2000-01,35.94
DRUGS & PHARMACEUTICALS,2001-02,77.94
DRUGS & PHARMACEUTICALS,2002-03,40.07
DRUGS & PHARMACEUTICALS,2003-04,108.91
DRUGS & PHARMACEUTICALS,2004-05,293.36
DRUGS & PHARMACEUTICALS,2005-06,172.44
DRUGS & PHARMACEUTICALS,2006-07,224.2
DRUGS & PHARMACEUTICALS,2007-08,340.35
DRUGS & PHARMACEUTICALS,2008-09,4246.76
DRUGS & PHARMACEUTICALS,2009-10,213.08
DRUGS & PHARMACEUTICALS,2010-11,209.38
DRUGS & PHARMACEUTICALS,2011-12,3232.28
DRUGS & PHARMACEUTICALS,2012-13,1123.46
DRUGS & PHARMACEUTICALS,2013-14,1279.34
DRUGS & PHARMACEUTICALS,2014-15,1497.74
DRUGS & PHARMACEUTICALS,2015-16,754.26
DRUGS & PHARMACEUTICALS,2016-17,857.39
TEXTILES,2000-01,2.06
TEXTILES,2001-02,5.28
TEXTILES,2002-03,54.18
TEXTILES,2003-04,9.34
TEXTILES,2004-05,43.04
TEXTILES,2005-06,94.33
TEXTILES,2006-07,126.9
TEXTILES,2007-08,185.4
TEXTILES,2008-09,157.52
TEXTILES,2009-10,150.27
TEXTILES,2010-11,129.65
TEXTILES,2011-12,164.19
TEXTILES,2012-13,103.89
TEXTILES,2013-14,198.86
TEXTILES,2014-15,197.42
TEXTILES,2015-16,230.13
TEXTILES,2016-17,618.95
PAPER AND PULP,2000-01,60.04
PAPER AND PULP,2001-02,16.7
PAPER AND PULP,2002-03,7.36
PAPER AND PULP,2003-04,7.15
PAPER AND PULP,2004-05,2.7
PAPER AND PULP,2005-06,27.38
PAPER AND PULP,2006-07,5.08
PAPER AND PULP,2007-08,31.24
PAPER AND PULP,2008-09,272.51
PAPER AND PULP,2009-10,16.42
PAPER AND PULP,2010-11,6.53
PAPER AND PULP,2011-12,407.35
PAPER AND PULP,2012-13,5.09
PAPER AND PULP,2013-14,26.86
PAPER AND PULP,2014-15,116.21
PAPER AND PULP,2015-16,85.21
PAPER AND PULP,2016-17,197.61
SUGAR,2000-01,0
SUGAR,2001-02,0
SUGAR,2002-03,3.97
SUGAR,2003-04,0
SUGAR,2004-05,2.94
SUGAR,2005-06,3
SUGAR,2006-07,9.85
SUGAR,2007-08,10.07
SUGAR,2008-09,5.01
SUGAR,2009-10,0.1
SUGAR,2010-11,0.17
SUGAR,2011-12,4.44
SUGAR,2012-13,12.26
SUGAR,2013-14,3.08
SUGAR,2014-15,27.77
SUGAR,2015-16,105.85
SUGAR,2016-17,15.92
FERMENTATION INDUSTRIES,2000-01,16.02
FERMENTATION INDUSTRIES,2001-02,11.04
FERMENTATION INDUSTRIES,2002-03,8.07
FERMENTATION INDUSTRIES,2003-04,1.7
FERMENTATION INDUSTRIES,2004-05,139
FERMENTATION INDUSTRIES,2005-06,169.83
FERMENTATION INDUSTRIES,2006-07,27.58
FERMENTATION INDUSTRIES,2007-08,270.05
FERMENTATION INDUSTRIES,2008-09,144.7
FERMENTATION INDUSTRIES,2009-10,112.02
FERMENTATION INDUSTRIES,2010-11,57.71
FERMENTATION INDUSTRIES,2011-12,69.7
FERMENTATION INDUSTRIES,2012-13,107.21
FERMENTATION INDUSTRIES,2013-14,814.58
FERMENTATION INDUSTRIES,2014-15,225.38
FERMENTATION INDUSTRIES,2015-16,202.36
FERMENTATION INDUSTRIES,2016-17,110.86
FOOD PROCESSING INDUSTRIES,2000-01,45.75
FOOD PROCESSING INDUSTRIES,2001-02,219.39
FOOD PROCESSING INDUSTRIES,2002-03,36.88
FOOD PROCESSING INDUSTRIES,2003-04,109.22
FOOD PROCESSING INDUSTRIES,2004-05,43.98
FOOD PROCESSING INDUSTRIES,2005-06,41.74
FOOD PROCESSING INDUSTRIES,2006-07,102
FOOD PROCESSING INDUSTRIES,2007-08,70.17
FOOD PROCESSING INDUSTRIES,2008-09,102.71
FOOD PROCESSING INDUSTRIES,2009-10,278.89
FOOD PROCESSING INDUSTRIES,2010-11,188.67
FOOD PROCESSING INDUSTRIES,2011-12,170.21
FOOD PROCESSING INDUSTRIES,2012-13,401.46
FOOD PROCESSING INDUSTRIES,2013-14,3982.89
FOOD PROCESSING INDUSTRIES,2014-15,515.86
FOOD PROCESSING INDUSTRIES,2015-16,505.88
FOOD PROCESSING INDUSTRIES,2016-17,727.22
VEGETABLE OILS AND VANASPATI,2000-01,0
VEGETABLE OILS AND VANASPATI,2001-02,0
VEGETABLE OILS AND VANASPATI,2002-03,0
VEGETABLE OILS AND VANASPATI,2003-04,1.69
VEGETABLE OILS AND VANASPATI,2004-05,9.09
VEGETABLE OILS AND VANASPATI,2005-06,12.31
VEGETABLE OILS AND VANASPATI,2006-07,16.22
VEGETABLE OILS AND VANASPATI,2007-08,1.53
VEGETABLE OILS AND VANASPATI,2008-09,42.88
VEGETABLE OILS AND VANASPATI,2009-10,69.74
VEGETABLE OILS AND VANASPATI,2010-11,58.07
VEGETABLE OILS AND VANASPATI,2011-12,65.02
VEGETABLE OILS AND VANASPATI,2012-13,108.39
VEGETABLE OILS AND VANASPATI,2013-14,21.55
VEGETABLE OILS AND VANASPATI,2014-15,148.34
VEGETABLE OILS AND VANASPATI,2015-16,34.22
VEGETABLE OILS AND VANASPATI,2016-17,108.45
"SOAPS, COSMETICS & TOILET PREPARATIONS",2000-01,0
"SOAPS, COSMETICS & TOILET PREPARATIONS",2001-02,0
"SOAPS, COSMETICS & TOILET PREPARATIONS",2002-03,0
"SOAPS, COSMETICS & TOILET PREPARATIONS",2003-04,0
"SOAPS, COSMETICS & TOILET PREPARATIONS",2004-05,0.89
"SOAPS, COSMETICS & TOILET PREPARATIONS",2005-06,87.42
"SOAPS, COSMETICS & TOILET PREPARATIONS",2006-07,6.04
"SOAPS, COSMETICS & TOILET PREPARATIONS",2007-08,6.38
"SOAPS, COSMETICS & TOILET PREPARATIONS",2008-09,22.03
"SOAPS, COSMETICS & TOILET PREPARATIONS",2009-10,24.58
"SOAPS, COSMETICS & TOILET PREPARATIONS",2010-11,102.9
"SOAPS, COSMETICS & TOILET PREPARATIONS",2011-12,222.08
"SOAPS, COSMETICS & TOILET PREPARATIONS",2012-13,160.07
"SOAPS, COSMETICS & TOILET PREPARATIONS",2013-14,108.44
"SOAPS, COSMETICS & TOILET PREPARATIONS",2014-15,177.22
"SOAPS, COSMETICS & TOILET PREPARATIONS",2015-16,193.26
"SOAPS, COSMETICS & TOILET PREPARATIONS",2016-17,92.6
RUBBER GOODS,2000-01,0.1
RUBBER GOODS,2001-02,46.39
RUBBER GOODS,2002-03,16.42
RUBBER GOODS,2003-04,6.37
RUBBER GOODS,2004-05,40.06
RUBBER GOODS,2005-06,34.09
RUBBER GOODS,2006-07,18.75
RUBBER GOODS,2007-08,15.12
RUBBER GOODS,2008-09,84.88
RUBBER GOODS,2009-10,24.12
RUBBER GOODS,2010-11,17.21
RUBBER GOODS,2011-12,187.37
RUBBER GOODS,2012-13,642.18
RUBBER GOODS,2013-14,370.54
RUBBER GOODS,2014-15,284.51
RUBBER GOODS,2015-16,296.15
RUBBER GOODS,2016-17,262.76
"LEATHER,LEATHER GOODS AND PICKERS",2000-01,9.75
"LEATHER,LEATHER GOODS AND PICKERS",2001-02,0.2
"LEATHER,LEATHER GOODS AND PICKERS",2002-03,0.01
"LEATHER,LEATHER GOODS AND PICKERS",2003-04,7.55
"LEATHER,LEATHER GOODS AND PICKERS",2004-05,0.44
"LEATHER,LEATHER GOODS AND PICKERS",2005-06,1.11
"LEATHER,LEATHER GOODS AND PICKERS",2006-07,8.26
"LEATHER,LEATHER GOODS AND PICKERS",2007-08,7.46
"LEATHER,LEATHER GOODS AND PICKERS",2008-09,3.32
"LEATHER,LEATHER GOODS AND PICKERS",2009-10,5.06
"LEATHER,LEATHER GOODS AND PICKERS",2010-11,9.26
"LEATHER,LEATHER GOODS AND PICKERS",2011-12,8.3
"LEATHER,LEATHER GOODS AND PICKERS",2012-13,46.7
"LEATHER,LEATHER GOODS AND PICKERS",2013-14,6.14
"LEATHER,LEATHER GOODS AND PICKERS",2014-15,34.21
"LEATHER,LEATHER GOODS AND PICKERS",2015-16,17.13
"LEATHER,LEATHER GOODS AND PICKERS",2016-17,2.3
GLUE AND GELATIN,2000-01,0
GLUE AND GELATIN,2001-02,0.94
GLUE AND GELATIN,2002-03,5.22
GLUE AND GELATIN,2003-04,0
GLUE AND GELATIN,2004-05,0
GLUE AND GELATIN,2005-06,0
GLUE AND GELATIN,2006-07,0
GLUE AND GELATIN,2007-08,2.28
GLUE AND GELATIN,2008-09,0
GLUE AND GELATIN,2009-10,0.27
GLUE AND GELATIN,2010-11,0.01
GLUE AND GELATIN,2011-12,5.84
GLUE AND GELATIN,2012-13,0
GLUE AND GELATIN,2013-14,0.97
GLUE AND GELATIN,2014-15,21.44
GLUE AND GELATIN,2015-16,0.82
GLUE AND GELATIN,2016-17,90.6
GLASS,2000-01,33.87
GLASS,2001-02,8.37
GLASS,2002-03,44.98
GLASS,2003-04,5.24
GLASS,2004-05,8.36
GLASS,2005-06,0.81
GLASS,2006-07,1.43
GLASS,2007-08,11.04
GLASS,2008-09,23.16
GLASS,2009-10,2.83
GLASS,2010-11,7.6
GLASS,2011-12,32.22
GLASS,2012-13,209.16
GLASS,2013-14,43.09
GLASS,2014-15,41.82
GLASS,2015-16,25.78
GLASS,2016-17,51.69
CERAMICS,2000-01,4.03
CERAMICS,2001-02,0.78
CERAMICS,2002-03,0.21
CERAMICS,2003-04,1.47
CERAMICS,2004-05,26.79
CERAMICS,2005-06,5.67
CERAMICS,2006-07,122.23
CERAMICS,2007-08,115.11
CERAMICS,2008-09,198.43
CERAMICS,2009-10,7.21
CERAMICS,2010-11,12
CERAMICS,2011-12,9.87
CERAMICS,2012-13,4.33
CERAMICS,2013-14,150.09
CERAMICS,2014-15,35.29
CERAMICS,2015-16,51.21
CERAMICS,2016-17,15.4
CEMENT AND GYPSUM PRODUCTS,2000-01,67.72
CEMENT AND GYPSUM PRODUCTS,2001-02,139.9
CEMENT AND GYPSUM PRODUCTS,2002-03,21.08
CEMENT AND GYPSUM PRODUCTS,2003-04,9.58
CEMENT AND GYPSUM PRODUCTS,2004-05,0.16
CEMENT AND GYPSUM PRODUCTS,2005-06,452.08
CEMENT AND GYPSUM PRODUCTS,2006-07,242.47
CEMENT AND GYPSUM PRODUCTS,2007-08,16.89
CEMENT AND GYPSUM PRODUCTS,2008-09,724.8
CEMENT AND GYPSUM PRODUCTS,2009-10,33.8
CEMENT AND GYPSUM PRODUCTS,2010-11,637.68
CEMENT AND GYPSUM PRODUCTS,2011-12,267.9
CEMENT AND GYPSUM PRODUCTS,2012-13,12.38
CEMENT AND GYPSUM PRODUCTS,2013-14,254.01
CEMENT AND GYPSUM PRODUCTS,2014-15,208.99
CEMENT AND GYPSUM PRODUCTS,2015-16,19.69
CEMENT AND GYPSUM PRODUCTS,2016-17,2130.1
TIMBER PRODUCTS,2000-01,0
TIMBER PRODUCTS,2001-02,0.05
TIMBER PRODUCTS,2002-03,0.04
TIMBER PRODUCTS,2003-04,0.11
TIMBER PRODUCTS,2004-05,0.07
TIMBER PRODUCTS,2005-06,0.33
TIMBER PRODUCTS,2006-07,0
TIMBER PRODUCTS,2007-08,0.39
TIMBER PRODUCTS,2008-09,11.27
TIMBER PRODUCTS,2009-10,6.54
TIMBER PRODUCTS,2010-11,1.58
TIMBER PRODUCTS,2011-12,29.6
TIMBER PRODUCTS,2012-13,29.17
TIMBER PRODUCTS,2013-14,6.16
TIMBER PRODUCTS,2014-15,8.97
TIMBER PRODUCTS,2015-16,53.17
TIMBER PRODUCTS,2016-17,10.23
DEFENCE INDUSTRIES,2000-01,0
DEFENCE INDUSTRIES,2001-02,0
DEFENCE INDUSTRIES,2002-03,0
DEFENCE INDUSTRIES,2003-04,0
DEFENCE INDUSTRIES,2004-05,0.05
DEFENCE INDUSTRIES,2005-06,0
DEFENCE INDUSTRIES,2006-07,0
DEFENCE INDUSTRIES,2007-08,0
DEFENCE INDUSTRIES,2008-09,0
DEFENCE INDUSTRIES,2009-10,0
DEFENCE INDUSTRIES,2010-11,0
DEFENCE INDUSTRIES,2011-12,3.66
DEFENCE INDUSTRIES,2012-13,0.41
DEFENCE INDUSTRIES,2013-14,0.82
DEFENCE INDUSTRIES,2014-15,0.08
DEFENCE INDUSTRIES,2015-16,0.1
DEFENCE INDUSTRIES,2016-17,0
CONSULTANCY SERVICES,2000-01,4.25
CONSULTANCY SERVICES,2001-02,66.22
CONSULTANCY SERVICES,2002-03,25.7
CONSULTANCY SERVICES,2003-04,46.2
CONSULTANCY SERVICES,2004-05,252.42
CONSULTANCY SERVICES,2005-06,47.4
CONSULTANCY SERVICES,2006-07,114.68
CONSULTANCY SERVICES,2007-08,233.32
CONSULTANCY SERVICES,2008-09,256.59
CONSULTANCY SERVICES,2009-10,341.31
CONSULTANCY SERVICES,2010-11,274.84
CONSULTANCY SERVICES,2011-12,289.89
CONSULTANCY SERVICES,2012-13,142.32
CONSULTANCY SERVICES,2013-14,285.85
CONSULTANCY SERVICES,2014-15,458.13
CONSULTANCY SERVICES,2015-16,517.47
CONSULTANCY SERVICES,2016-17,261.14
SERVICES SECTOR,2000-01,71.38
SERVICES SECTOR,2001-02,187.95
SERVICES SECTOR,2002-03,296.34
SERVICES SECTOR,2003-04,271.15
SERVICES SECTOR,2004-05,456.15
SERVICES SECTOR,2005-06,548.61
SERVICES SECTOR,2006-07,4713.78
SERVICES SECTOR,2007-08,6986.17
SERVICES SECTOR,2008-09,6183.49
SERVICES SECTOR,2009-10,4174.53
SERVICES SECTOR,2010-11,3296.09
SERVICES SECTOR,2011-12,5215.98
SERVICES SECTOR,2012-13,4832.98
SERVICES SECTOR,2013-14,2225.1
SERVICES SECTOR,2014-15,4443.26
SERVICES SECTOR,2015-16,6889.46
SERVICES SECTOR,2016-17,8684.07
HOSPITAL & DIAGNOSTIC CENTRES,2000-01,0
HOSPITAL & DIAGNOSTIC CENTRES,2001-02,6.93
HOSPITAL & DIAGNOSTIC CENTRES,2002-03,29.13
HOSPITAL & DIAGNOSTIC CENTRES,2003-04,24.08
HOSPITAL & DIAGNOSTIC CENTRES,2004-05,26.19
HOSPITAL & DIAGNOSTIC CENTRES,2005-06,32.53
HOSPITAL & DIAGNOSTIC CENTRES,2006-07,38.14
HOSPITAL & DIAGNOSTIC CENTRES,2007-08,241.76
HOSPITAL & DIAGNOSTIC CENTRES,2008-09,239.71
HOSPITAL & DIAGNOSTIC CENTRES,2009-10,135.57
HOSPITAL & DIAGNOSTIC CENTRES,2010-11,256
HOSPITAL & DIAGNOSTIC CENTRES,2011-12,310.43
HOSPITAL & DIAGNOSTIC CENTRES,2012-13,256.86
HOSPITAL & DIAGNOSTIC CENTRES,2013-14,684.58
HOSPITAL & DIAGNOSTIC CENTRES,2014-15,567.85
HOSPITAL & DIAGNOSTIC CENTRES,2015-16,742.35
HOSPITAL & DIAGNOSTIC CENTRES,2016-17,747.38
EDUCATION,2000-01,0
EDUCATION,2001-02,0
EDUCATION,2002-03,0
EDUCATION,2003-04,0.19
EDUCATION,2004-05,1.97
EDUCATION,2005-06,3.16
EDUCATION,2006-07,41.81
EDUCATION,2007-08,43.59
EDUCATION,2008-09,214.52
EDUCATION,2009-10,63.35
EDUCATION,2010-11,37.94
EDUCATION,2011-12,105.62
EDUCATION,2012-13,172.2
EDUCATION,2013-14,262.09
EDUCATION,2014-15,78.86
EDUCATION,2015-16,230.78
EDUCATION,2016-17,160.12
HOTEL & TOURISM,2000-01,13.2
HOTEL & TOURISM,2001-02,32.12
HOTEL & TOURISM,2002-03,33.75
HOTEL & TOURISM,2003-04,49.36
HOTEL & TOURISM,2004-05,37.01
HOTEL & TOURISM,2005-06,71.78
HOTEL & TOURISM,2006-07,195.66
HOTEL & TOURISM,2007-08,421.47
HOTEL & TOURISM,2008-09,463.92
HOTEL & TOURISM,2009-10,753.02
HOTEL & TOURISM,2010-11,308.05
HOTEL & TOURISM,2011-12,992.86
HOTEL & TOURISM,2012-13,3259.05
HOTEL & TOURISM,2013-14,486.38
HOTEL & TOURISM,2014-15,777.01
HOTEL & TOURISM,2015-16,1332.69
HOTEL & TOURISM,2016-17,916.13
TRADING,2000-01,11.49
TRADING,2001-02,43.27
TRADING,2002-03,38.13
TRADING,2003-04,31.12
TRADING,2004-05,14.22
TRADING,2005-06,28.93
TRADING,2006-07,114.65
TRADING,2007-08,345.02
TRADING,2008-09,643.64
TRADING,2009-10,737.95
TRADING,2010-11,498.04
TRADING,2011-12,731.55
TRADING,2012-13,717.8
TRADING,2013-14,1343.39
TRADING,2014-15,2727.96
TRADING,2015-16,3845.32
TRADING,2016-17,2338.4
RETAIL TRADING,2000-01,0
RETAIL TRADING,2001-02,0
RETAIL TRADING,2002-03,0
RETAIL TRADING,2003-04,0
RETAIL TRADING,2004-05,0
RETAIL TRADING,2005-06,0
RETAIL TRADING,2006-07,0
RETAIL TRADING,2007-08,1.27
RETAIL TRADING,2008-09,0.09
RETAIL TRADING,2009-10,13.73
RETAIL TRADING,2010-11,26.27
RETAIL TRADING,2011-12,31.7
RETAIL TRADING,2012-13,22.31
RETAIL TRADING,2013-14,11.3
RETAIL TRADING,2014-15,168.72
RETAIL TRADING,2015-16,262.24
RETAIL TRADING,2016-17,450.94
AGRICULTURE SERVICES,2000-01,17.52
AGRICULTURE SERVICES,2001-02,14.06
AGRICULTURE SERVICES,2002-03,11.01
AGRICULTURE SERVICES,2003-04,0.59
AGRICULTURE SERVICES,2004-05,3.83
AGRICULTURE SERVICES,2005-06,9.08
AGRICULTURE SERVICES,2006-07,12.53
AGRICULTURE SERVICES,2007-08,58.13
AGRICULTURE SERVICES,2008-09,5.35
AGRICULTURE SERVICES,2009-10,1222.22
AGRICULTURE SERVICES,2010-11,43.9
AGRICULTURE SERVICES,2011-12,49.02
AGRICULTURE SERVICES,2012-13,161.47
AGRICULTURE SERVICES,2013-14,91.01
AGRICULTURE SERVICES,2014-15,59.95
AGRICULTURE SERVICES,2015-16,84.65
AGRICULTURE SERVICES,2016-17,76.43
"DIAMOND,GOLD ORNAMENTS",2000-01,18.83
"DIAMOND,GOLD ORNAMENTS",2001-02,0.36
"DIAMOND,GOLD ORNAMENTS",2002-03,1.3
"DIAMOND,GOLD ORNAMENTS",2003-04,1.96
"DIAMOND,GOLD ORNAMENTS",2004-05,8.58
"DIAMOND,GOLD ORNAMENTS",2005-06,15.52
"DIAMOND,GOLD ORNAMENTS",2006-07,61.97
"DIAMOND,GOLD ORNAMENTS",2007-08,59.15
"DIAMOND,GOLD ORNAMENTS",2008-09,83.5
"DIAMOND,GOLD ORNAMENTS",2009-10,31.08
"DIAMOND,GOLD ORNAMENTS",2010-11,19.59
"DIAMOND,GOLD ORNAMENTS",2011-12,36.3
"DIAMOND,GOLD ORNAMENTS",2012-13,52.61
"DIAMOND,GOLD ORNAMENTS",2013-14,42.56
"DIAMOND,GOLD ORNAMENTS",2014-15,280.18
"DIAMOND,GOLD ORNAMENTS",2015-16,58.54
"DIAMOND,GOLD ORNAMENTS",2016-17,123.92
TEA AND COFFEE,2000-01,20.23
TEA AND COFFEE,2001-02,0.14
TEA AND COFFEE,2002-03,0
TEA AND COFFEE,2003-04,0.32
TEA AND COFFEE,2004-05,0.01
TEA AND COFFEE,2005-06,1.43
TEA AND COFFEE,2006-07,6.2
TEA AND COFFEE,2007-08,18.94
TEA AND COFFEE,2008-09,37.08
TEA AND COFFEE,2009-10,8.15
TEA AND COFFEE,2010-11,3.12
TEA AND COFFEE,2011-12,5.32
TEA AND COFFEE,2012-13,0.27
TEA AND COFFEE,2013-14,5.86
TEA AND COFFEE,2014-15,1.43
TEA AND COFFEE,2015-16,1.12
TEA AND COFFEE,2016-17,1.6
PRINTING OF BOOKS,2000-01,0
PRINTING OF BOOKS,2001-02,0
PRINTING OF BOOKS,2002-03,6.3
PRINTING OF BOOKS,2003-04,0
PRINTING OF BOOKS,2004-05,0.06
PRINTING OF BOOKS,2005-06,9.9
PRINTING OF BOOKS,2006-07,20.04
PRINTING OF BOOKS,2007-08,35.54
PRINTING OF BOOKS,2008-09,31.61
PRINTING OF BOOKS,2009-10,70.51
PRINTING OF BOOKS,2010-11,36.63
PRINTING OF BOOKS,2011-12,47.39
PRINTING OF BOOKS,2012-13,14.34
PRINTING OF BOOKS,2013-14,113.78
PRINTING OF BOOKS,2014-15,72.58
PRINTING OF BOOKS,2015-16,122.81
PRINTING OF BOOKS,2016-17,53.17
COIR,2000-01,0
COIR,2001-02,0
COIR,2002-03,0
COIR,2003-04,0
COIR,2004-05,0.47
COIR,2005-06,0.59
COIR,2006-07,0.04
COIR,2007-08,0.01
COIR,2008-09,0
COIR,2009-10,0.25
COIR,2010-11,0.1
COIR,2011-12,0.55
COIR,2012-13,0.15
COIR,2013-14,0.54
COIR,2014-15,1.36
COIR,2015-16,0
COIR,2016-17,0
CONSTRUCTION (INFRASTRUCTURE) ACTIVITIES,2000-01,0
CONSTRUCTION (INFRASTRUCTURE) ACTIVITIES,2001-02,0
CONSTRUCTION (INFRASTRUCTURE) ACTIVITIES,2002-03,0
CONSTRUCTION (INFRASTRUCTURE) ACTIVITIES,2003-04,0
CONSTRUCTION (INFRASTRUCTURE) ACTIVITIES,2004-05,0
CONSTRUCTION (INFRASTRUCTURE) ACTIVITIES,2005-06,0.93
CONSTRUCTION (INFRASTRUCTURE) ACTIVITIES,2006-07,64.06
CONSTRUCTION (INFRASTRUCTURE) ACTIVITIES,2007-08,182.92
CONSTRUCTION (INFRASTRUCTURE) ACTIVITIES,2008-09,172.7
CONSTRUCTION (INFRASTRUCTURE) ACTIVITIES,2009-10,324.56
CONSTRUCTION (INFRASTRUCTURE) ACTIVITIES,2010-11,675.07
CONSTRUCTION (INFRASTRUCTURE) ACTIVITIES,2011-12,386.28
CONSTRUCTION (INFRASTRUCTURE) ACTIVITIES,2012-13,283.89
CONSTRUCTION (INFRASTRUCTURE) ACTIVITIES,2013-14,485.37
CONSTRUCTION (INFRASTRUCTURE) ACTIVITIES,2014-15,870.25
CONSTRUCTION (INFRASTRUCTURE) ACTIVITIES,2015-16,4510.71
CONSTRUCTION (INFRASTRUCTURE) ACTIVITIES,2016-17,1860.73
CONSTRUCTION DEVELOPMENT,2000-01,24.33
CONSTRUCTION DEVELOPMENT,2001-02,51.75
CONSTRUCTION DEVELOPMENT,2002-03,36.1
CONSTRUCTION DEVELOPMENT,2003-04,47.04
CONSTRUCTION DEVELOPMENT,2004-05,152.06
CONSTRUCTION DEVELOPMENT,2005-06,228.71
CONSTRUCTION DEVELOPMENT,2006-07,1392.95
CONSTRUCTION DEVELOPMENT,2007-08,3887.33
CONSTRUCTION DEVELOPMENT,2008-09,4657.51
CONSTRUCTION DEVELOPMENT,2009-10,5466.13
CONSTRUCTION DEVELOPMENT,2010-11,1663.03
CONSTRUCTION DEVELOPMENT,2011-12,3140.78
CONSTRUCTION DEVELOPMENT,2012-13,1332.49
CONSTRUCTION DEVELOPMENT,2013-14,1226.05
CONSTRUCTION DEVELOPMENT,2014-15,769.14
CONSTRUCTION DEVELOPMENT,2015-16,112.55
CONSTRUCTION DEVELOPMENT,2016-17,105.14
MISCELLANEOUS INDUSTRIES,2000-01,832.07
MISCELLANEOUS INDUSTRIES,2001-02,221.37
MISCELLANEOUS INDUSTRIES,2002-03,218.76
MISCELLANEOUS INDUSTRIES,2003-04,235.48
MISCELLANEOUS INDUSTRIES,2004-05,121.83
MISCELLANEOUS INDUSTRIES,2005-06,164.76
MISCELLANEOUS INDUSTRIES,2006-07,304.87
MISCELLANEOUS INDUSTRIES,2007-08,528.42
MISCELLANEOUS INDUSTRIES,2008-09,1549.7
MISCELLANEOUS INDUSTRIES,2009-10,1147.56
MISCELLANEOUS INDUSTRIES,2010-11,1475.97
MISCELLANEOUS INDUSTRIES,2011-12,813.38
MISCELLANEOUS INDUSTRIES,2012-13,229.49
MISCELLANEOUS INDUSTRIES,2013-14,468.74
MISCELLANEOUS INDUSTRIES,2014-15,765.88
MISCELLANEOUS INDUSTRIES,2015-16,668.77
MISCELLANEOUS INDUSTRIES,2016-17,296.4
